[{"PaperIcardNo":"1221","Name":"TEJVEER SINGH","RankName":"HMT","ArmedName":"INT CORPS","ServiceNo":"00001M","DOB":"1989-07-24T00:00:00","Height":118,"AadhaarNo":"235221107329","BloodGroup":"AB-","PlaceOfIssue":"MI 11","DateOfIssue":"2024-06-19T15:32:17.03","IssuingAuth":"","UploadId":1,"SignatureImagePath":"2024\\June\\19/00001M.png","PhotoImagePath":"2024\\June\\19/00001M.png","DateOfCommissioning":"2011-10-29T00:00:00","PermanentAddress":"","StatusLevel":0,"ApplyFor":"","State":"Haryana","District":"Mahendragarh","PS":"SATNALI","PO":"DALANWAS","Tehsil":"","Village":"DALANWAS","PinCode":123024,"IdenMark1":"BM 5CM BELOW LT COLLAR BONE MIDILE","IdenMark2":"ELONGATED SCAR MARK BACK OF LT HAND","ICardType":"First time Smart card","RecordOfficeId":108,"RecordOffice":"Record Office Intelligence Corps"}]