[{"PaperIcardNo":"133331","Name":"CHETAN BHAGAT","RankName":"Maj Gen","ArmedName":"BIHAR","ServiceNo":"IC70128N","DOB":"1960-03-16T00:00:00","Height":115,"AadhaarNo":"882134523149","BloodGroup":"AB+","PlaceOfIssue":"asdc 12224","DateOfIssue":"2024-06-20T12:20:18.24","IssuingAuth":"","UploadId":7,"SignatureImagePath":"2024\\June\\20/IC70128N.png","PhotoImagePath":"2024\\June\\20/IC70128N.png","DateOfCommissioning":"1980-11-18T00:00:00","PermanentAddress":"","StatusLevel":0,"ApplyFor":"","State":"ASSAM","District":"KAMTEE","PS":"SANGRUR","PO":"PUNJAB","Tehsil":"SANGRUR","Village":"PONTHALI","PinCode":804401,"IdenMark1":"A RAISED MOLE ON CHEST 2CM FROM RT NIPPLE AT 7 O CLOCK","IdenMark2":"A RAISED MOLE ON NECK 4.5 AM ABOVE INNER THIRD OF LT COLLER BONE","ICardType":"First time Smart card","RecordOfficeId":109,"RecordOffice":"Record Office Bihar Reg"}]