[{"PaperIcardNo":"535354","Name":"SANJIV","RankName":"NB SUB","ArmedName":"ARTY","ServiceNo":"15698645A","DOB":"1986-05-15T00:00:00","Height":100,"AadhaarNo":"9752357992","BloodGroup":"O+","PlaceOfIssue":"UNIT001","DateOfIssue":"2024-06-20T10:18:44.107","IssuingAuth":"","UploadId":6,"SignatureImagePath":"2024\\June\\20/15698645A.png","PhotoImagePath":"2024\\June\\20/15698645A.png","DateOfCommissioning":"2005-04-12T00:00:00","PermanentAddress":"","StatusLevel":0,"ApplyFor":"","State":"JAMMU AND KASHMIR","District":"UDHAMPUR","PS":"UDHAMPUR","PO":"UDHAMPUR","Tehsil":"UDHAMPUR","Village":"RATHIAN","PinCode":0,"IdenMark1":"BM 2 CM LT ANGLE JAW","IdenMark2":"BM 2 CM RT ANGLE JAW","ICardType":"First time Smart card","RecordOfficeId":112,"RecordOffice":"Record Office Artillery"}]